[{"model": "admin.logentry", "pk": 1, "fields": {"action_time": "2021-07-25T23:01:50.960Z", "user": 1, "content_type": 7, "object_id": "1", "object_repr": "Tecnologia", "action_flag": 1, "change_message": "[{\"added\": {}}]"}}, {"model": "admin.logentry", "pk": 2, "fields": {"action_time": "2021-07-25T23:01:54.060Z", "user": 1, "content_type": 8, "object_id": "1", "object_repr": "Maria", "action_flag": 1, "change_message": "[{\"added\": {}}]"}}, {"model": "admin.logentry", "pk": 3, "fields": {"action_time": "2021-07-26T00:51:42.668Z", "user": 1, "content_type": 7, "object_id": "2", "object_repr": "Professor", "action_flag": 1, "change_message": "[{\"added\": {}}]"}}, {"model": "admin.logentry", "pk": 4, "fields": {"action_time": "2021-07-26T00:51:51.804Z", "user": 1, "content_type": 8, "object_id": "2", "object_repr": "Roberto", "action_flag": 1, "change_message": "[{\"added\": {}}]"}}, {"model": "admin.logentry", "pk": 5, "fields": {"action_time": "2021-08-07T23:27:36.865Z", "user": 2, "content_type": 7, "object_id": "3", "object_repr": "Coordenadora", "action_flag": 1, "change_message": "[{\"added\": {}}]"}}, {"model": "admin.logentry", "pk": 6, "fields": {"action_time": "2021-08-07T23:28:28.855Z", "user": 2, "content_type": 8, "object_id": "3", "object_repr": "Andreia", "action_flag": 1, "change_message": "[{\"added\": {}}]"}}, {"model": "admin.logentry", "pk": 7, "fields": {"action_time": "2021-08-07T23:29:15.704Z", "user": 2, "content_type": 7, "object_id": "4", "object_repr": "Pastor", "action_flag": 1, "change_message": "[{\"added\": {}}]"}}, {"model": "admin.logentry", "pk": 8, "fields": {"action_time": "2021-08-07T23:29:19.776Z", "user": 2, "content_type": 8, "object_id": "4", "object_repr": "Carlos Jose", "action_flag": 1, "change_message": "[{\"added\": {}}]"}}, {"model": "admin.logentry", "pk": 9, "fields": {"action_time": "2021-08-07T23:29:58.195Z", "user": 2, "content_type": 8, "object_id": "5", "object_repr": "Sheila", "action_flag": 1, "change_message": "[{\"added\": {}}]"}}, {"model": "admin.logentry", "pk": 10, "fields": {"action_time": "2021-08-07T23:30:25.495Z", "user": 2, "content_type": 8, "object_id": "6", "object_repr": "Adriana", "action_flag": 1, "change_message": "[{\"added\": {}}]"}}, {"model": "admin.logentry", "pk": 11, "fields": {"action_time": "2021-08-07T23:31:12.053Z", "user": 2, "content_type": 8, "object_id": "7", "object_repr": "Aislan", "action_flag": 1, "change_message": "[{\"added\": {}}]"}}, {"model": "admin.logentry", "pk": 12, "fields": {"action_time": "2021-08-07T23:31:38.743Z", "user": 2, "content_type": 8, "object_id": "8", "object_repr": "Arnaldo", "action_flag": 1, "change_message": "[{\"added\": {}}]"}}, {"model": "admin.logentry", "pk": 13, "fields": {"action_time": "2021-08-07T23:32:00.200Z", "user": 2, "content_type": 8, "object_id": "9", "object_repr": "Cesar", "action_flag": 1, "change_message": "[{\"added\": {}}]"}}, {"model": "admin.logentry", "pk": 14, "fields": {"action_time": "2021-08-07T23:32:29.216Z", "user": 2, "content_type": 8, "object_id": "10", "object_repr": "Cristina", "action_flag": 1, "change_message": "[{\"added\": {}}]"}}, {"model": "admin.logentry", "pk": 15, "fields": {"action_time": "2021-08-07T23:32:58.136Z", "user": 2, "content_type": 8, "object_id": "11", "object_repr": "Evandro", "action_flag": 1, "change_message": "[{\"added\": {}}]"}}, {"model": "admin.logentry", "pk": 16, "fields": {"action_time": "2021-08-07T23:33:24.019Z", "user": 2, "content_type": 8, "object_id": "12", "object_repr": "Fabio", "action_flag": 1, "change_message": "[{\"added\": {}}]"}}, {"model": "admin.logentry", "pk": 17, "fields": {"action_time": "2021-08-07T23:33:46.349Z", "user": 2, "content_type": 8, "object_id": "13", "object_repr": "Gersonita", "action_flag": 1, "change_message": "[{\"added\": {}}]"}}, {"model": "admin.logentry", "pk": 18, "fields": {"action_time": "2021-08-07T23:34:15.606Z", "user": 2, "content_type": 8, "object_id": "14", "object_repr": "Jose Maria", "action_flag": 1, "change_message": "[{\"added\": {}}]"}}, {"model": "admin.logentry", "pk": 19, "fields": {"action_time": "2021-08-07T23:34:43.666Z", "user": 2, "content_type": 8, "object_id": "15", "object_repr": "Jucymara", "action_flag": 1, "change_message": "[{\"added\": {}}]"}}, {"model": "admin.logentry", "pk": 20, "fields": {"action_time": "2021-08-07T23:35:35.765Z", "user": 2, "content_type": 8, "object_id": "16", "object_repr": "Paulo", "action_flag": 1, "change_message": "[{\"added\": {}}]"}}, {"model": "admin.logentry", "pk": 21, "fields": {"action_time": "2021-08-07T23:36:13.067Z", "user": 2, "content_type": 8, "object_id": "17", "object_repr": "Luis Henrique", "action_flag": 1, "change_message": "[{\"added\": {}}]"}}, {"model": "admin.logentry", "pk": 22, "fields": {"action_time": "2021-08-07T23:36:40.593Z", "user": 2, "content_type": 8, "object_id": "18", "object_repr": "Glaucia", "action_flag": 1, "change_message": "[{\"added\": {}}]"}}, {"model": "admin.logentry", "pk": 23, "fields": {"action_time": "2021-08-07T23:37:07.735Z", "user": 2, "content_type": 8, "object_id": "19", "object_repr": "Roberta Simone", "action_flag": 1, "change_message": "[{\"added\": {}}]"}}, {"model": "admin.logentry", "pk": 24, "fields": {"action_time": "2021-08-07T23:37:28.959Z", "user": 2, "content_type": 8, "object_id": "20", "object_repr": "Silvana", "action_flag": 1, "change_message": "[{\"added\": {}}]"}}, {"model": "admin.logentry", "pk": 25, "fields": {"action_time": "2021-08-07T23:37:53.916Z", "user": 2, "content_type": 8, "object_id": "21", "object_repr": "Renata", "action_flag": 1, "change_message": "[{\"added\": {}}]"}}, {"model": "admin.logentry", "pk": 26, "fields": {"action_time": "2021-08-07T23:38:38.129Z", "user": 2, "content_type": 8, "object_id": "22", "object_repr": "Francisco", "action_flag": 1, "change_message": "[{\"added\": {}}]"}}, {"model": "admin.logentry", "pk": 27, "fields": {"action_time": "2021-08-07T23:39:03.498Z", "user": 2, "content_type": 8, "object_id": "23", "object_repr": "Ronaldo", "action_flag": 1, "change_message": "[{\"added\": {}}]"}}, {"model": "admin.logentry", "pk": 28, "fields": {"action_time": "2021-08-07T23:39:32.064Z", "user": 2, "content_type": 8, "object_id": "24", "object_repr": "Ana Flavia", "action_flag": 1, "change_message": "[{\"added\": {}}]"}}, {"model": "admin.logentry", "pk": 29, "fields": {"action_time": "2021-08-07T23:39:59.943Z", "user": 2, "content_type": 8, "object_id": "25", "object_repr": "Gilcileia", "action_flag": 1, "change_message": "[{\"added\": {}}]"}}, {"model": "admin.logentry", "pk": 30, "fields": {"action_time": "2021-08-07T23:40:23.411Z", "user": 2, "content_type": 8, "object_id": "26", "object_repr": "Jacira", "action_flag": 1, "change_message": "[{\"added\": {}}]"}}, {"model": "admin.logentry", "pk": 31, "fields": {"action_time": "2021-08-07T23:40:49.511Z", "user": 2, "content_type": 8, "object_id": "27", "object_repr": "Elizabeth", "action_flag": 1, "change_message": "[{\"added\": {}}]"}}, {"model": "admin.logentry", "pk": 32, "fields": {"action_time": "2021-08-07T23:41:16.282Z", "user": 2, "content_type": 8, "object_id": "28", "object_repr": "Remilda", "action_flag": 1, "change_message": "[{\"added\": {}}]"}}, {"model": "admin.logentry", "pk": 33, "fields": {"action_time": "2021-08-07T23:41:52.570Z", "user": 2, "content_type": 8, "object_id": "29", "object_repr": "Julio Cesar", "action_flag": 1, "change_message": "[{\"added\": {}}]"}}, {"model": "admin.logentry", "pk": 34, "fields": {"action_time": "2021-08-09T01:32:14.263Z", "user": 2, "content_type": 4, "object_id": "4", "object_repr": "<django.forms.fields.CharField object at 0x000001C27E465190>", "action_flag": 3, "change_message": ""}}, {"model": "admin.logentry", "pk": 35, "fields": {"action_time": "2021-08-09T01:32:14.351Z", "user": 2, "content_type": 4, "object_id": "3", "object_repr": "<django.forms.fields.CharField object at 0x00000259DEE65190>", "action_flag": 3, "change_message": ""}}, {"model": "admin.logentry", "pk": 36, "fields": {"action_time": "2021-08-09T01:32:14.437Z", "user": 2, "content_type": 4, "object_id": "5", "object_repr": "teste", "action_flag": 3, "change_message": ""}}, {"model": "admin.logentry", "pk": 37, "fields": {"action_time": "2021-08-15T15:21:20.300Z", "user": 2, "content_type": 8, "object_id": "2", "object_repr": "Roberto", "action_flag": 3, "change_message": ""}}, {"model": "admin.logentry", "pk": 38, "fields": {"action_time": "2021-08-15T15:21:20.494Z", "user": 2, "content_type": 8, "object_id": "1", "object_repr": "Maria", "action_flag": 3, "change_message": ""}}, {"model": "admin.logentry", "pk": 39, "fields": {"action_time": "2021-08-15T15:24:43.161Z", "user": 2, "content_type": 8, "object_id": "29", "object_repr": "Julio Cesar", "action_flag": 2, "change_message": "[{\"changed\": {\"fields\": [\"Sobrenome\"]}}]"}}, {"model": "admin.logentry", "pk": 40, "fields": {"action_time": "2021-08-15T15:27:04.692Z", "user": 2, "content_type": 8, "object_id": "4", "object_repr": "Carlos Jose", "action_flag": 2, "change_message": "[{\"changed\": {\"fields\": [\"Email\"]}}]"}}, {"model": "admin.logentry", "pk": 41, "fields": {"action_time": "2021-08-15T15:27:04.893Z", "user": 2, "content_type": 8, "object_id": "26", "object_repr": "Jacira", "action_flag": 2, "change_message": "[{\"changed\": {\"fields\": [\"Email\"]}}]"}}, {"model": "admin.logentry", "pk": 42, "fields": {"action_time": "2021-08-15T15:27:05.278Z", "user": 2, "content_type": 8, "object_id": "17", "object_repr": "Luis Henrique", "action_flag": 2, "change_message": "[{\"changed\": {\"fields\": [\"Email\"]}}]"}}, {"model": "admin.logentry", "pk": 43, "fields": {"action_time": "2021-08-15T15:27:05.537Z", "user": 2, "content_type": 8, "object_id": "5", "object_repr": "Sheila", "action_flag": 2, "change_message": "[{\"changed\": {\"fields\": [\"Email\"]}}]"}}, {"model": "admin.logentry", "pk": 44, "fields": {"action_time": "2021-08-15T15:27:05.805Z", "user": 2, "content_type": 8, "object_id": "20", "object_repr": "Silvana", "action_flag": 2, "change_message": "[{\"changed\": {\"fields\": [\"Email\"]}}]"}}, {"model": "admin.logentry", "pk": 45, "fields": {"action_time": "2021-08-15T15:28:16.604Z", "user": 2, "content_type": 8, "object_id": "13", "object_repr": "Gersonita", "action_flag": 2, "change_message": "[{\"changed\": {\"fields\": [\"Email\"]}}]"}}, {"model": "admin.logentry", "pk": 46, "fields": {"action_time": "2021-08-15T15:28:17.000Z", "user": 2, "content_type": 8, "object_id": "25", "object_repr": "Gilcileia", "action_flag": 2, "change_message": "[{\"changed\": {\"fields\": [\"Email\"]}}]"}}, {"model": "admin.logentry", "pk": 47, "fields": {"action_time": "2021-08-15T15:28:17.238Z", "user": 2, "content_type": 8, "object_id": "29", "object_repr": "Julio Cesar", "action_flag": 2, "change_message": "[{\"changed\": {\"fields\": [\"Email\"]}}]"}}, {"model": "admin.logentry", "pk": 48, "fields": {"action_time": "2021-08-15T15:28:23.596Z", "user": 2, "content_type": 8, "object_id": "7", "object_repr": "Aislan", "action_flag": 2, "change_message": "[{\"changed\": {\"fields\": [\"Sobrenome\"]}}]"}}, {"model": "admin.logentry", "pk": 49, "fields": {"action_time": "2021-08-15T15:28:55.208Z", "user": 2, "content_type": 8, "object_id": "30", "object_repr": "Juliano", "action_flag": 1, "change_message": "[{\"added\": {}}]"}}, {"model": "admin.logentry", "pk": 50, "fields": {"action_time": "2021-08-15T15:29:49.021Z", "user": 2, "content_type": 8, "object_id": "16", "object_repr": "Paulo", "action_flag": 2, "change_message": "[{\"changed\": {\"fields\": [\"Sobrenome\", \"Email\"]}}]"}}, {"model": "admin.logentry", "pk": 51, "fields": {"action_time": "2021-08-15T15:30:26.912Z", "user": 2, "content_type": 8, "object_id": "31", "object_repr": "Doriscelio", "action_flag": 1, "change_message": "[{\"added\": {}}]"}}, {"model": "admin.logentry", "pk": 52, "fields": {"action_time": "2021-08-15T15:33:37.719Z", "user": 2, "content_type": 8, "object_id": "10", "object_repr": "Cristina", "action_flag": 2, "change_message": "[{\"changed\": {\"fields\": [\"Email\"]}}]"}}, {"model": "admin.logentry", "pk": 53, "fields": {"action_time": "2021-08-15T15:34:12.379Z", "user": 2, "content_type": 8, "object_id": "9", "object_repr": "Cesar", "action_flag": 2, "change_message": "[{\"changed\": {\"fields\": [\"Email\"]}}]"}}, {"model": "auth.user", "pk": 1, "fields": {"password": "pbkdf2_sha256$260000$kjkSutTsTuSfKOo590ZX6Q$GO9OckK79PXv1AFWXJ8UJlyi0ytpn6SXIV15JoD85xU=", "last_login": "2021-07-25T22:51:36.361Z", "is_superuser": true, "username": "lucas", "first_name": "", "last_name": "", "email": "lucas@gmail.com", "is_staff": true, "is_active": true, "date_joined": "2021-07-25T22:51:19.568Z", "groups": [], "user_permissions": []}}, {"model": "auth.user", "pk": 2, "fields": {"password": "pbkdf2_sha256$260000$CsMGWWLr6fjcbLlCfRd18T$qNMGrnsgPuLWxA2JcdrlgRHdKaDXrXuA2UobdYAJO48=", "last_login": "2021-08-25T23:33:50.151Z", "is_superuser": true, "username": "admin", "first_name": "", "last_name": "", "email": "lucas@gmail.com", "is_staff": true, "is_active": true, "date_joined": "2021-08-07T23:18:51.646Z", "groups": [], "user_permissions": []}}, {"model": "auth.user", "pk": 6, "fields": {"password": "pbkdf2_sha256$260000$pBaNqDJ6NZrIMiwqAKAEaK$FG2SmNW1ukOtrplNNoknpdYcq75dRZrUoWeGUjdw9jc=", "last_login": null, "is_superuser": false, "username": "teste", "first_name": "Família", "last_name": "Oliveira", "email": "acrmeireles@hotmail.com", "is_staff": false, "is_active": true, "date_joined": "2021-08-09T01:32:17.511Z", "groups": [], "user_permissions": []}}, {"model": "auth.user", "pk": 7, "fields": {"password": "pbkdf2_sha256$260000$4xNWcDeQQjJcQu9DhRNnLx$U4x07BPE/5aTlsSVqwuxUh9/4zha6j6afVaVxFqwp1Q=", "last_login": null, "is_superuser": false, "username": "teste1", "first_name": "", "last_name": "", "email": "llmeireles0015@gmail.com", "is_staff": false, "is_active": true, "date_joined": "2021-08-09T01:34:12.859Z", "groups": [], "user_permissions": []}}, {"model": "auth.user", "pk": 8, "fields": {"password": "pbkdf2_sha256$260000$hTcYicfYb2BtRtTVLmpOCV$rGUlUMDTiBwAkzickpNYXybOp4YjaYtazqozZ1INmjg=", "last_login": null, "is_superuser": false, "username": "Testepradarcerto", "first_name": "Maria", "last_name": "Oliveira", "email": "lluciomeireles@gmail.com", "is_staff": false, "is_active": true, "date_joined": "2021-08-09T20:44:36.005Z", "groups": [], "user_permissions": []}}, {"model": "auth.user", "pk": 9, "fields": {"password": "pbkdf2_sha256$260000$qxgDwvF4OJl3xoAzvXlwjA$CUKOHIyelBAolDXfPGqXhTASG6n3YjCUzwOfKQhKV1o=", "last_login": "2021-08-09T21:23:46.846Z", "is_superuser": false, "username": "lucaskosovoso", "first_name": "Lucas", "last_name": "Meireles", "email": "llmeireles2003@hotmail.com", "is_staff": false, "is_active": true, "date_joined": "2021-08-09T21:05:27.608Z", "groups": [], "user_permissions": []}}, {"model": "sessions.session", "pk": "45pzxclc8kn4otglit4bqqpxgd85jm8c", "fields": {"session_data": ".eJxVjDsOwjAQBe_iGlnxd21Kes4Q7XptHEC2lE-FuDtESgHtm5n3EiNuax23Jc_jxOIstDj9boTpkdsO-I7t1mXqbZ0nkrsiD7rIa-f8vBzu30HFpX7rUgqRNcnpUhwYjJlZOUZMRCqAVZYUeOchDlFDzEpFCB5KMMHpzIN4fwAFBTe-:1mFLdM:E1xzpaOU1b9IXxWZ2zcSc4X_zFasww163OllSShIK98", "expire_date": "2021-08-29T19:17:24.322Z"}}, {"model": "sessions.session", "pk": "hyy0kwu46e3j0fcr7z3k5ujlibfj9bzz", "fields": {"session_data": ".eJxVjDsOwjAQBe_iGlnxd21Kes4Q7XptHEC2lE-FuDtESgHtm5n3EiNuax23Jc_jxOIstDj9boTpkdsO-I7t1mXqbZ0nkrsiD7rIa-f8vBzu30HFpX7rUgqRNcnpUhwYjJlZOUZMRCqAVZYUeOchDlFDzEpFCB5KMMHpzIN4fwAFBTe-:1mFLaE:I1lfZTcijQSSU1eAU9xSWJv-GqbI9BSwtmugp24YkrY", "expire_date": "2021-08-29T19:14:10.133Z"}}, {"model": "sessions.session", "pk": "xh4pj2kbcanuhyigqkxmzqjc85x364um", "fields": {"session_data": ".eJxVjEEOwiAQRe_C2pChBRlcuu8ZyMCAVA0kpV0Z765NutDtf-_9l_C0rcVvPS1-ZnERSpx-t0DxkeoO-E711mRsdV3mIHdFHrTLqXF6Xg_376BQL98a4shGKxw1M8RBo1YWAMiSClEPmNEBRjTWUcocHI7MCY2BkCHA2Yr3B8VhN20:1m7my8:zG9WrwT3dXP7QeQyF9EY-S1lYohIll_H0IQIE6vYW6U", "expire_date": "2021-08-08T22:51:36.456Z"}}, {"model": "sites.site", "pk": 1, "fields": {"domain": "example.com", "name": "example.com"}}, {"model": "contatos.categoria", "pk": 1, "fields": {"nome_cat": "Tecnologia"}}, {"model": "contatos.categoria", "pk": 2, "fields": {"nome_cat": "Professor"}}, {"model": "contatos.categoria", "pk": 3, "fields": {"nome_cat": "Coordenadora"}}, {"model": "contatos.categoria", "pk": 4, "fields": {"nome_cat": "Pastor"}}, {"model": "contatos.contato", "pk": 3, "fields": {"nome": "Andreia", "sobrenome": "Aquino", "telefone": "24 999222310", "data_nascimento": "2021-08-07", "categoria": 3, "foto": "", "email": null, "data_criacao": "2021-08-07T23:26:36Z"}}, {"model": "contatos.contato", "pk": 4, "fields": {"nome": "Carlos Jose", "sobrenome": "de Oliveira", "telefone": "24 974025531", "data_nascimento": "2021-08-07", "categoria": 4, "foto": "", "email": "prcarlosoliveira@yahoo.com.br", "data_criacao": "2021-08-07T23:28:29Z"}}, {"model": "contatos.contato", "pk": 5, "fields": {"nome": "Sheila", "sobrenome": "Muniz", "telefone": "24999545124", "data_nascimento": "2021-08-07", "categoria": 2, "foto": "", "email": "sheilacmuniz@yahoo.com.br", "data_criacao": "2021-08-07T23:29:20Z"}}, {"model": "contatos.contato", "pk": 6, "fields": {"nome": "Adriana", "sobrenome": "Cunha Barbosa", "telefone": "24992491576", "data_nascimento": "2021-08-07", "categoria": 2, "foto": "", "email": null, "data_criacao": "2021-08-07T23:29:58Z"}}, {"model": "contatos.contato", "pk": 7, "fields": {"nome": "Aislan", "sobrenome": "Augusto", "telefone": "24974038502", "data_nascimento": "2021-08-07", "categoria": 2, "foto": "", "email": null, "data_criacao": "2021-08-07T23:30:25Z"}}, {"model": "contatos.contato", "pk": 8, "fields": {"nome": "Arnaldo", "sobrenome": "Cezario", "telefone": "2498127636", "data_nascimento": "2021-08-07", "categoria": 2, "foto": "", "email": null, "data_criacao": "2021-08-07T23:31:12Z"}}, {"model": "contatos.contato", "pk": 9, "fields": {"nome": "Cesar", "sobrenome": "Meireles", "telefone": "24988464002", "data_nascimento": "2021-08-07", "categoria": 2, "foto": "", "email": "acrmeireles@hotmail.com", "data_criacao": "2021-08-07T23:31:39Z"}}, {"model": "contatos.contato", "pk": 10, "fields": {"nome": "Cristina", "sobrenome": "Epifanio", "telefone": "24998213266", "data_nascimento": "2021-08-07", "categoria": 2, "foto": "", "email": "cristinaepif54@gmail.com", "data_criacao": "2021-08-07T23:32:00Z"}}, {"model": "contatos.contato", "pk": 11, "fields": {"nome": "Evandro", "sobrenome": "Cunha", "telefone": "21999850939", "data_nascimento": "2021-08-07", "categoria": 2, "foto": "", "email": null, "data_criacao": "2021-08-07T23:32:29Z"}}, {"model": "contatos.contato", "pk": 12, "fields": {"nome": "Fabio", "sobrenome": "Lucio", "telefone": "24999459559", "data_nascimento": "2021-08-07", "categoria": 2, "foto": "", "email": null, "data_criacao": "2021-08-07T23:32:58Z"}}, {"model": "contatos.contato", "pk": 13, "fields": {"nome": "Gersonita", "sobrenome": "Menezes", "telefone": "24992441880", "data_nascimento": "2021-08-07", "categoria": 2, "foto": "", "email": "gersonitam@gmail.com", "data_criacao": "2021-08-07T23:33:24Z"}}, {"model": "contatos.contato", "pk": 14, "fields": {"nome": "Jose Maria", "sobrenome": "Leal", "telefone": "24999990341", "data_nascimento": "2021-08-07", "categoria": 2, "foto": "", "email": null, "data_criacao": "2021-08-07T23:33:46Z"}}, {"model": "contatos.contato", "pk": 15, "fields": {"nome": "Jucymara", "sobrenome": "Carneiro", "telefone": "24988025916", "data_nascimento": "2021-08-07", "categoria": 2, "foto": "", "email": null, "data_criacao": "2021-08-07T23:34:15Z"}}, {"model": "contatos.contato", "pk": 16, "fields": {"nome": "Paulo", "sobrenome": "Larcher", "telefone": "24988362181", "data_nascimento": "2021-08-07", "categoria": 2, "foto": "", "email": "zildenelarcher@gmail.com", "data_criacao": "2021-08-07T23:34:44Z"}}, {"model": "contatos.contato", "pk": 17, "fields": {"nome": "Luis Henrique", "sobrenome": "Barros", "telefone": "24974025532", "data_nascimento": "2021-08-07", "categoria": 4, "foto": "", "email": "prcarlosoliveira@yahoo.com.br", "data_criacao": "2021-08-07T23:35:35Z"}}, {"model": "contatos.contato", "pk": 18, "fields": {"nome": "Glaucia", "sobrenome": "Albertassi", "telefone": "249994513328", "data_nascimento": "2021-08-07", "categoria": 2, "foto": "", "email": null, "data_criacao": "2021-08-07T23:36:13Z"}}, {"model": "contatos.contato", "pk": 19, "fields": {"nome": "Roberta Simone", "sobrenome": "Barros", "telefone": "24974010621", "data_nascimento": "2021-08-07", "categoria": 2, "foto": "", "email": null, "data_criacao": "2021-08-07T23:36:40Z"}}, {"model": "contatos.contato", "pk": 20, "fields": {"nome": "Silvana", "sobrenome": "Baroni", "telefone": "24981270849", "data_nascimento": "2021-08-07", "categoria": 2, "foto": "", "email": "silvana_baroni@hotmail.com", "data_criacao": "2021-08-07T23:37:07Z"}}, {"model": "contatos.contato", "pk": 21, "fields": {"nome": "Renata", "sobrenome": "Cunha", "telefone": "24981442110", "data_nascimento": "2021-08-07", "categoria": 2, "foto": "", "email": null, "data_criacao": "2021-08-07T23:37:29Z"}}, {"model": "contatos.contato", "pk": 22, "fields": {"nome": "Francisco", "sobrenome": "Machado", "telefone": "24981006600", "data_nascimento": "2021-08-07", "categoria": 2, "foto": "", "email": null, "data_criacao": "2021-08-07T23:37:54Z"}}, {"model": "contatos.contato", "pk": 23, "fields": {"nome": "Ronaldo", "sobrenome": "Riberio", "telefone": "24981526455", "data_nascimento": "2021-08-07", "categoria": 4, "foto": "", "email": null, "data_criacao": "2021-08-07T23:38:38Z"}}, {"model": "contatos.contato", "pk": 24, "fields": {"nome": "Ana Flavia", "sobrenome": "Prado", "telefone": "24992571432", "data_nascimento": "2021-08-07", "categoria": 2, "foto": "", "email": null, "data_criacao": "2021-08-07T23:39:03Z"}}, {"model": "contatos.contato", "pk": 25, "fields": {"nome": "Gilcileia", "sobrenome": "Menezes", "telefone": "24992971586", "data_nascimento": "2021-08-07", "categoria": 2, "foto": "", "email": "gilcileam@gmail.com", "data_criacao": "2021-08-07T23:39:32Z"}}, {"model": "contatos.contato", "pk": 26, "fields": {"nome": "Jacira", "sobrenome": "Amorim", "telefone": "24998396065", "data_nascimento": "2021-08-07", "categoria": 2, "foto": "", "email": "jacira40@gmail.com", "data_criacao": "2021-08-07T23:40:00Z"}}, {"model": "contatos.contato", "pk": 27, "fields": {"nome": "Elizabeth", "sobrenome": "Mota de Andrade", "telefone": "24998745751", "data_nascimento": "2021-08-07", "categoria": 2, "foto": "", "email": null, "data_criacao": "2021-08-07T23:40:23Z"}}, {"model": "contatos.contato", "pk": 28, "fields": {"nome": "Remilda", "sobrenome": "Valente", "telefone": "24999927002", "data_nascimento": "2021-08-07", "categoria": 2, "foto": "", "email": null, "data_criacao": "2021-08-07T23:40:49Z"}}, {"model": "contatos.contato", "pk": 29, "fields": {"nome": "Julio Cesar", "sobrenome": "Silva", "telefone": "24999927280", "data_nascimento": "2021-08-07", "categoria": 2, "foto": "", "email": "mailbox.lopes@gmail.com", "data_criacao": "2021-08-07T23:41:16Z"}}, {"model": "contatos.contato", "pk": 30, "fields": {"nome": "Juliano", "sobrenome": "Prado", "telefone": "24992571432", "data_nascimento": "2021-08-15", "categoria": 2, "foto": "", "email": "Julianoprado@gmail.com", "data_criacao": "2021-08-15T15:28:25Z"}}, {"model": "contatos.contato", "pk": 31, "fields": {"nome": "Doriscelio", "sobrenome": "Pinheiro", "telefone": "24988788096", "data_nascimento": "2021-08-15", "categoria": 4, "foto": "", "email": "dorisceliopinheiro@yahoo.com.br", "data_criacao": "2021-08-15T15:30:02Z"}}]